"calBP","conSM","decSM","wetwSM","wetmSM","pasSM","araSM","heaSM"
1400,0.891250556836305,1.2964477287178,0.808583651850397,0.064851868627667,0.312110063554545,0.0828882274668421,0.151196993019507
1500,0.191979654874826,1.10005067395086,0.617654183743292,0.0551158050100735,0.543059461774254,0.136052076512204,0.21402131502685
1600,0.673610580533281,2.15602771030575,1.2784320891983,0.0764785030613401,0.494410325228944,0.0830374566015265,0.87625783222865
1700,0.193960957066045,0.924691193424499,1.22218474208824,0.0507755396847197,0.256677851925362,0.038845602258402,0.204538406535933
1800,0.930973723930943,2.6778796106537,1.76466616140347,0.0854473897192723,0.453470185927282,0.0619977239509593,0.649137220528542
1900,0.141694459681843,0.781710916072408,0.536076247942951,0.0341991223258366,0.186146461876029,0.0241190345584202,0.229068019747669
2000,0.360186623291085,1.26171269392293,0.633671206996347,0.0391850036575035,0.230658750815735,0.0265842399403055,0.266196668441893
2100,0.066836086404066,0.430749682337993,0.178653113087675,0.0210927573062262,0.177382465057179,0.0228716645489199,0.00914866581956798
2200,0.469727128981753,1.64507964160894,0.983744876842,0.0680416783893797,0.407558562639515,0.0554529762827683,0.0847672447295964
2300,0.525788606412634,1.21365896534744,0.546282879075311,0.0361801155144053,0.362824749737354,0.0506426057555168,0.0262349936272363
2400,0.100029771079961,0.840712559958585,0.522137151082149,0.0667118080140786,0.200820211760687,0.0216628232184811,0.190753039109046
2500,0.715579190736345,1.31791048700912,0.344218834511703,0.0303199996012616,0.24460456235796,0.0275783293238926,0.0540508642397133
2600,0.120777891504606,0.41171954964176,0.156345957011259,0.0125383828045036,0.164790174002047,0.00870010235414534,0.0148413510747186
2700,0.170243948900504,0.791898432012191,0.554711999809509,0.018950686366721,0.213885978593454,0.0173091805269487,0.139305954067601
2800,0.352032019464478,0.838694295664952,0.331327629506059,0.0172740873102892,0.210246058588279,0.0150610231108803,0.0351412063909978
2900,0.777495655191215,1.60560867241643,0.695985235953884,0.0285903589991002,0.259855311386103,0.0295910548622951,0.333707382088826
3000,0.184924031363989,0.750689740812889,0.455193738465602,0.0175134189011791,0.17702587253128,0.0257331470371415,0.278937435904367
3100,0.469977025469285,1.14274553943902,0.70951889082439,0.0249414869249745,0.21446645847776,0.0187456586417848,0.213887649130173
3200,0.72027422524597,1.1931047376003,0.600020524874681,0.0148167992456265,0.165484491266491,0.0238885314007987,0.141521681139756
3300,0.359601255653228,1.15165995268125,0.883194532510903,0.0158297808175522,0.172583111444077,0.0199941180474228,0.270004919836095
3400,0.285714285714286,0.450255102040817,0.131377551020409,0.00510204081632653,0.0446428571428572,0.00127551020408163,0.0191326530612245
3500,0.0774976657329599,0.23155929038282,0.473389355742297,0.000933706816059757,0.00466853408029878,0.00373482726423903,0.202614379084967
3600,0.927041953709783,1.76338351601623,0.802633621390006,0.0158282111280368,0.140780327091359,0.0176561223116655,0.142339338482655
3700,0.407639893394494,1.29798070702938,0.888719310886355,0.0107589672099496,0.153731626858655,0.0188808185216567,0.105531370175973
3900,0.393367275185344,1.30467049192438,0.833207176411778,0.0107196196223934,0.139641149628355,0.0166209267422887,0.15770518191546
4000,0.761625282185868,1.70210404686909,1.00580960404687,0.0199495136139603,0.165901652424687,0.0194055279420747,0.107477999956397
4100,0.0912052117263844,0.192182410423453,0.478013029315961,0,0.00570032573289902,0.00162866449511401,0.228827361563518
4200,0.339275447199159,1.37309040469817,0.82935993417466,0.0144428411316041,0.120035475556633,0.0191868239201394,0.216647451083128
4300,0.15236763483613,0.781702495675809,0.566661050834512,0.00347283060403891,0.0742143450816542,0.0169654289372599,0.362415481726082
4400,0.352715893115335,0.612390496250231,0.835679335998279,0.00348585894466153,0.0255360743249666,0,0.123565382056144
4500,0.526677172139562,1.08841024930518,0.995749800526378,0.00948547094739363,0.0720655490683413,0.00590832332139993,0.173664374950173
4600,0.282388542265093,0.66608104316691,0.349574921953978,0.0042804698645124,0.0261578496558256,0.00303203041382576,0.616406958602579
4700,0.0812572740431021,0.607772130468374,1.13893183034759,0.00381533765738268,0.0494861680957719,0.00228920259442961,0.0512771348871834
4800,0.352684807318342,0.678561483753754,0.398607040800489,0.0102092520062447,0.0242381291482932,0.0043103448275862,0.490364775912282
4900,0.134503545938803,0.447307243792533,0.817103931232472,0.000857632933104631,0.00611280324527698,0.000857632933104631,0.585472889898639
5000,0.724024253331228,1.56350173761671,1.38835481545661,0.0129735614521092,0.0722973960078839,0.0120193494557989,0.0698096680575386
5100,0.0612400152149106,0.645872955496387,0.223278813236972,0.000760745530620008,0.0437428680106504,0.00418410041841004,0.00114111829593001
5200,0.713562954066611,1.58532497604153,1.40541889992228,0.0157722051280464,0.073846901948892,0.00693683486738789,0.0230993676522125
5300,0.346757948990893,1.29594575278853,0.783292132310717,0.0115244684851234,0.0650887928346723,0.00449664346224933,0.422617090536712
5400,0.103879849812265,0.375469336670839,0.289111389236546,0.00250312891113892,0.0125156445556946,0,0.207759699624531
5500,0.552430362100808,1.42042420838562,1.1962299830868,0.0105666846301621,0.0984696242606296,0.00975911327995813,0.62083905108343
5600,0.585955957556672,1.07145918054377,0.633789452539094,0.00862335643294722,0.068268369339178,0.00811326214947343,0.525872837931122
5700,0.396184043216788,0.997727799814464,0.42905547247369,0.00848701257157481,0.0634326716995618,0.00181686046511628,0.0338950689357346
5800,0.0719738276990185,0.302071973827699,0.366412213740458,0.00872410032715376,0.00763358778625954,0.00218102508178844,0.227917121046892
5900,0.383450964576191,0.979296901256973,0.472528063453653,0.0125562949519392,0.0574309336559791,0.0041809504604423,0.0231498285944747
6000,0.0598086124401914,0.226674641148325,0.614234449760765,0.000598086124401914,0.000598086124401914,0.000598086124401914,0.0944976076555024
6100,0.394011623160002,1.44172671962805,0.73154997344963,0.0126803724329575,0.0704699641543243,0.00074878322725571,0.257435346010677
6200,0.597951131913365,0.988253906709215,0.772748630275934,0.0133093207880035,0.0237730210009695,0.00390820869441898,0.505682068337321
6300,0.414649923974644,1.18134992486883,1.01236191564987,0.011884678397491,0.0753508549114296,0.00490749674316093,0.216582313369078
6400,0.177755958704458,0.809019297955345,0.806157727199263,0.00878466129082745,0.0353734095907816,0.0007097232079489,0.131551764118925
6500,0.83732170273549,1.73019749131599,0.875454290639989,0.0138328723959131,0.0818447434117457,0.00807318968231332,0.279054307905551
6600,0.131158877727169,0.872278030822987,0.604212162808593,0.00757835735529627,0.0343378881470851,0.00183284457478006,0.317802250369169
6700,0.288995352929234,1.12733011497364,0.409611465782369,0.0141263807740606,0.0577932429485589,0,0.0388299232255784
6800,0.113870856842403,1.03372363445166,0.571670475304522,0.00178635226866738,0.0413166427362872,0.000714540907466952,0.212035295624448
6900,0.854409551906353,1.2270737067842,0.580845833037132,0.0157890215871662,0.093656844624535,0.00604102983341628,0.132166299376792
7000,0.177091606344596,0.929803263064739,0.657826363203159,0.0111160906759854,0.043678663005741,0.00449011776986089,0.123224375411287
7100,0.677494078709496,1.34168264845638,0.669811899623859,0.0207774300450138,0.0854567007264846,0.00678172743551644,0.0357352615075354
7200,0.633921159945185,1.93764275270774,0.76918878715846,0.0455786423982564,0.13874834740333,0.00381450926941277,0.0198748635140916
7300,0.425049721757259,1.30735159210414,0.708715281981221,0.0146308651335012,0.116489140883958,0.00411207486354898,0.00368400136419938
7400,1.1712067644851,2.04374156599816,0.698076594450244,0.293875481799019,0.0720632299704501,0.00740764739686838,0.0339515116958347
7500,0.577608304827073,1.49853040620563,0.486815858277044,0.067402398724617,0.0737887267081401,0.00439490500448283,0.0138302376946934
7600,0.198185614692662,0.620417746765868,0.304549347007718,0.012037930025168,0.032503263419919,0.00299737729486699,0.00112401648557512
7700,0.560019262854267,1.14697385613631,0.341114991518894,0.0258520727972825,0.0349994661213944,0.00297951582867784,0.031123861291459
7800,1.04397778859196,0.563473528392134,0.214693723433786,0.0344460222607125,0.0165830365775757,0.00098864087100667,0.00159362549800797
7900,1.25665182581004,1.44345669161299,0.607809815152754,0.0322838683910792,0.118394023240756,0.00908549703330969,0.0167276939047308
8000,0.50081122600748,1.33519763680713,0.727919639713986,0.0125136242527316,0.275540981688181,0.00536291835374947,0.025386979681448
8100,0.672808603345792,0.888908290027535,0.414097430460077,0.00949309478238453,0.0799674740079828,0.00348104625549608,0.00407898904581284
8200,0.675181671366048,1.50789074466279,0.615723730598525,0.0234728862099752,0.0791698639470367,0.00281260187901959,0.0204048428962262
8300,0.937348072924398,1.24319512761776,0.591136172861097,0.0284046872684868,0.083456420282657,0.000984574991795208,0.0103439285981541
8400,1.93028590384809,2.50031293397444,1.10374297262376,0.036301887877322,0.130946810818671,0.00997511661439473,0.0432609165242562
8500,1.79816824814858,1.96468661476306,0.889682517452063,0.0250834977762602,0.113086351910129,0.00412654745529573,0.0338215997817474
8600,1.78837063126937,1.51620527322652,0.497793787984139,0.0136648911333071,0.097845504647105,0.00384428317578338,0.0116166576297142
8700,1.98363673260465,2.41499173911737,1.1900182564103,0.0258045185799682,0.131143858033774,0.00779206601763629,0.0267505965105217
8800,1.41547189920205,2.106411653533,1.14488557130108,0.0333561124377099,0.128110160797341,0.00429900045380675,0.0129602952548476
8900,2.63722269386279,2.80226595067145,1.16204972926167,0.0272868433186967,0.17480252270609,0.00524461328367993,0.0353145696346708
9000,2.18590850092112,2.04465098598147,0.53238154122568,0.0123930689561323,0.109677900321438,0.00451702146892611,0.0121813478127513
9100,3.74272099934944,3.17425138346749,0.501900810270748,0.0304687625863469,0.276015656811698,0.0133123595412703,0.0710291906194178
9200,2.21627760620238,2.1534526301442,0.286656098034939,0.0248494555257001,0.159511970330757,0.00353009596667551,0.0296083350592436
9300,1.79372387232936,2.24558483441811,0.245713049378689,0.0981506948747216,0.331450994564589,0.0645397154561262,0.0858055145361813
9400,1.47141058032298,2.44270311125934,0.330505525289694,0.0819926538939549,0.307863650874751,0.103512957702772,0.102912864190892
9500,0.598786487565461,0.927678494547902,0.233361904985558,0.0128171257700647,0.120161410265442,0.00675347752232893,0.0400394523636192
9600,0.40258064516129,0.230645161290323,0.08,0.00967741935483871,0.109677419354839,0.00354838709677419,0.00580645161290323
9700,1.22923358843619,1.25015709584731,0.124917074965709,0.0180835893797779,0.159166183863014,0.0109728328464507,0.0286532287993634
