"yearsBP","conSM","decSM","wetwSM","wetmSM","pasSM","araSM","heaSM","SPD","clim","conSMs","decSMs","wetwSMs","wetmSMs","pasSMs","araSMs","heaSMs"
9000,2.18590850092112,2.04465098598147,0.53238154122568,0.0123930689561323,0.109677900321438,0.00451702146892611,0.0121813478127513,0.0315902056497526,3.03080930693,1.70508028503603,2.16472023996975,0.391662874727514,0.0434452936011534,0.217446930528112,0.00891469050509819,0.0416052692160846
8900,2.63722269386279,2.80226595067145,1.16204972926167,0.0272868433186967,0.17480252270609,0.00524461328367993,0.0353145696346708,0.0374562647475514,3.05110721158,1.88107892321435,2.47715148265701,0.620747044698259,0.0458569131925921,0.226553782601554,0.00488081737630301,0.0237479587237111
8800,1.41547189920205,2.106411653533,1.14488557130108,0.0333561124377099,0.128110160797341,0.00429900045380675,0.0129602952548476,0.038225495536744,2.94036242557,2.00769032996945,2.42110290636929,0.835304413014794,0.0377508229498846,0.196594867588652,0.00477180686874333,0.0241374324447592
8700,1.98363673260465,2.41499173911737,1.1900182564103,0.0258045185799682,0.131143858033774,0.00779206601763629,0.0267505965105217,0.0346590444500911,2.85657230074,2.18079661059935,2.44933739048583,1.00733377454968,0.025693126900759,0.163210344833516,0.00604553323572151,0.0198554458826847
8600,1.78837063126937,1.51620527322652,0.497793787984139,0.0136648911333071,0.097845504647105,0.00384428317578338,0.0116166576297142,0.0343483001062904,2.80901531419,2.22041661696764,2.34312949766622,0.998686836239297,0.0238290328353602,0.152932600552908,0.00581817459670982,0.019183627070118
8500,1.79816824814858,1.96468661476306,0.889682517452063,0.0250834977762602,0.113086351910129,0.00412654745529573,0.0338215997817474,0.0421940207894556,2.50599383617,2.22097216394505,2.14153536954881,0.930595033286895,0.0229314887003457,0.125777716402646,0.00398541531553954,0.0227191287057308
8400,1.93028590384809,2.50031293397444,1.10374297262376,0.036301887877322,0.130946810818671,0.00997511661439473,0.0432609165242562,0.0418395439144559,2.86279095274,2.18522320115076,2.21747902754764,0.920309383617565,0.0269162918538773,0.129322534818852,0.00705083203484522,0.0385412581530018
8300,0.937348072924398,1.24319512761776,0.591136172861097,0.0284046872684868,0.083456420282657,0.000984574991795208,0.0103439285981541,0.0418642191200059,3.19558005425,1.83455158534763,1.95763389037203,0.770588862730265,0.0271025991788424,0.114098184414946,0.00547984580309496,0.0268024225612052
8200,0.675181671366048,1.50789074466279,0.615723730598525,0.0234728862099752,0.0791698639470367,0.00281260187901959,0.0204048428962262,0.0606180598438105,2.79977080775,1.64571073165325,1.85788040556032,0.800071348383861,0.0254553948075532,0.105941468273229,0.00189858843540739,0.0153743857471902
8100,0.672808603345792,0.888908290027535,0.414097430460077,0.00949309478238453,0.0799674740079828,0.00348104625549608,0.00407898904581284,0.0682420553075852,2.78412534025,1.40015897033862,1.60353316404535,0.681175076635865,0.0227368241746226,0.0974120709355969,0.00314682406725782,0.0122419159710195
8000,0.50081122600748,1.33519763680713,0.727919639713986,0.0125136242527316,0.275540981688181,0.00536291835374947,0.025386979681448,0.0678569130604933,2.75017365744,1.2858263861893,1.57336522464212,0.587219243408421,0.0225449463611934,0.127027983775776,0.00442198230462276,0.0147329843636304
7900,1.25665182581004,1.44345669161299,0.607809815152754,0.0322838683910792,0.118394023240756,0.00908549703330969,0.0167276939047308,0.0871298018229269,3.94016538936,1.19495327283998,1.48649357078377,0.591387653981335,0.0237450081303299,0.127912595664214,0.00722420769352957,0.0210573367930894
7800,1.04397778859196,0.563473528392134,0.214693723433786,0.0344460222607125,0.0165830365775757,0.00098864087100667,0.00159362549800797,0.105519078935788,4.01253251459,1.1019041675053,1.16368700318672,0.49113015219015,0.0234356971942283,0.108851966624032,0.00503706895215817,0.0091606597013694
7700,0.560019262854267,1.14697385613631,0.341114991518894,0.0258520727972825,0.0349994661213944,0.00297951582867784,0.031123861291459,0.101493833271581,4.4276238809,0.94713554434351,1.14765012460648,0.472884542454855,0.0230102614490276,0.100775807597154,0.00198407834984224,0.0163587433947335
7600,0.198185614692662,0.620417746765868,0.304549347007718,0.012037930025168,0.032503263419919,0.00299737729486699,0.00112401648557512,0.0952966918555369,4.54791843539,0.730623008199081,0.999737958290328,0.367041969278288,0.0211044354182264,0.0929980408426348,0.0029884465617724,0.0161239388885171
7500,0.577608304827073,1.49853040620563,0.486815858277044,0.067402398724617,0.0737887267081401,0.00439490500448283,0.0138302376946934,0.0758826707146461,4.40693500001,0.685655537186916,1.10134164432001,0.33679348005936,0.0307559860752651,0.0919682496259943,0.0036961411496749,0.00747712709013428
7400,1.1712067644851,2.04374156599816,0.698076594450244,0.293875481799019,0.0720632299704501,0.00740764739686838,0.0339515116958347,0.0839626429572275,4.19959092767,0.747658673826797,1.21943229918518,0.457639197813475,0.0776496289996464,0.0580552910063725,0.00590127620067559,0.0238908746952641
7300,0.425049721757259,1.30735159210414,0.708715281981221,0.0146308651335012,0.116489140883958,0.00411207486354898,0.00368400136419938,0.0933476137769322,4.32853826294,0.71668881362823,1.19674811593371,0.549539270429056,0.07470746179005,0.0577378106135729,0.00575986113020867,0.0188177565300171
7200,0.633921159945185,1.93764275270774,0.76918878715846,0.0455786423982564,0.13874834740333,0.00381450926941277,0.0198748635140916,0.0632511616724496,4.24126223548,0.733327555370444,1.42577631998631,0.665699130466742,0.0765628984796407,0.0780986957511986,0.00396329206648086,0.0117794324391455
7100,0.677494078709496,1.34168264845638,0.669811899623859,0.0207774300450138,0.0854567007264846,0.00678172743551644,0.0357352615075354,0.0588038908609143,4.46457337061,0.660932836982876,1.45822778537299,0.711448140803446,0.0757171246875959,0.086508234852047,0.00529811835246459,0.0278050625108135
7000,0.177091606344596,0.929803263064739,0.657826363203159,0.0111160906759854,0.043678663005741,0.00449011776986089,0.123224375411287,0.05874095101969,4.98065104025,0.552572064201955,1.50979203808947,0.701385582991675,0.0755634847960654,0.0883708014496839,0.00563592260268865,0.0794798184594112
6900,0.854409551906353,1.2270737067842,0.580845833037132,0.0157890215871662,0.093656844624535,0.00604102983341628,0.132166299376792,0.0612316577915068,4.64351838042,0.589370850333466,1.46454925485256,0.669418220755652,0.066961255273157,0.0916821544357497,0.00526557380163858,0.12769533739404
6800,0.113870856842403,1.03372363445166,0.571670475304522,0.00178635226866738,0.0413166427362872,0.000714540907466952,0.212035295624448,0.0710869993217112,4.48891015366,0.578831505602183,1.29621293292814,0.620038642792168,0.018279733684765,0.0865577232300559,0.00337778537044161,0.17210079750062
6700,0.288995352929234,1.12733011497364,0.409611465782369,0.0141263807740606,0.0577932429485589,0,0.0388299232255784,0.0811992867862291,5.00724129354,0.542754886614953,1.26620935340639,0.554988534331795,0.0181956529581916,0.0767750735741561,0.000357270453733466,0.125432609425013
6600,0.131158877727169,0.872278030822987,0.604212162808593,0.00757835735529627,0.0343378881470851,0.00183284457478006,0.317802250369169,0.0738490267649589,5.04214096892,0.412748900770212,1.0886485664256,0.541584984233154,0.0118622721176983,0.0593733303647819,0.00091642228739002,0.178316086797374
6500,0.83732170273549,1.73019749131599,0.875454290639989,0.0138328723959131,0.0818447434117457,0.00807318968231332,0.279054307905551,0.071734079060781,5.11223431802,0.464282898392491,1.15340104023554,0.615237098633868,0.0107048458428481,0.0587713374789921,0.00495301712854668,0.29842827913736
6400,0.177755958704458,0.809019297955345,0.806157727199263,0.00878466129082745,0.0353734095907816,0.0007097232079489,0.131551764118925,0.0749365704046029,5.20204954674,0.4072622482374,1.13327037938397,0.673858911607553,0.0103162742786551,0.0573871285764989,0.0043914564451311,0.205303036012238
6300,0.414649923974644,1.18134992486883,1.01236191564987,0.011884678397491,0.0753508549114296,0.00490749674316093,0.216582313369078,0.0789740936856406,4.93205889874,0.374406728895544,1.12564974906474,0.824546524074429,0.00966555041370928,0.0543361302909813,0.00280860997555491,0.174067038744002
6200,0.597951131913365,0.988253906709215,0.772748630275934,0.0133093207880035,0.0237730210009695,0.00390820869441898,0.505682068337321,0.0627518796691164,4.50389266608,0.42701416959164,1.11807146110767,0.866680640941264,0.011586045166932,0.051412193335095,0.00440785271878994,0.361132190853199
6100,0.394011623160002,1.44172671962805,0.73154997344963,0.0126803724329575,0.0704699641543243,0.00074878322725571,0.257435346010677,0.0810470686714404,4.86137378889,0.369464428498346,1.17047089521674,0.830704561643674,0.0113450437767481,0.0535249802027226,0.00232849596083733,0.381558707173999
6000,0.0598086124401914,0.226674641148325,0.614234449760765,0.000598086124401914,0.000598086124401914,0.000598086124401914,0.0944976076555024,0.085212167481652,5.86948630641,0.362706647948069,1.06287033027096,0.782723742284049,0.0101816652382657,0.0479016798656087,0.000673434675828802,0.17596647683309
5900,0.383450964576191,0.979296901256973,0.472528063453653,0.0125562949519392,0.0574309336559791,0.0041809504604423,0.0231498285944747,0.124935988192113,6.14914359239,0.374513599403939,0.937720231927789,0.647765279234995,0.00996890233093674,0.043832711572981,0.0023895182924221,0.0588237181249886
5800,0.0719738276990185,0.302071973827699,0.366412213740458,0.00872410032715376,0.00763358778625954,0.00218102508178844,0.227917121046892,0.182799578618216,5.82336769034,0.36711546815042,0.853229011239848,0.546181175101126,0.00995880883699112,0.0392094079388939,0.00318098777111536,0.125533474820683
5700,0.396184043216788,0.997727799814464,0.42905547247369,0.00848701257157481,0.0634326716995618,0.00181686046511628,0.0338950689357346,0.191214405058101,5.62822780902,0.311973260710582,0.822625323730787,0.470557549857141,0.00939253119933842,0.0372230440702493,0.00199894277345235,0.130906094991313
5600,0.585955957556672,1.07145918054377,0.633789452539094,0.00862335643294722,0.068268369339178,0.00811326214947343,0.525872837931122,0.286935368291124,5.36182516132,0.362998260567109,0.83649286936988,0.475446300551723,0.00861153714016238,0.0446389354599507,0.00496506130729484,0.279883953433428
5500,0.552430362100808,1.42042420838562,1.1962299830868,0.0105666846301621,0.0984696242606296,0.00975911327995813,0.62083905108343,0.325141259254457,5.43116042044,0.38022081533288,0.832942450829475,0.65637178046001,0.00825925583969648,0.0493055454776683,0.00893618771471577,0.573355944507276
5400,0.103879849812265,0.375469336670839,0.289111389236546,0.00250312891113892,0.0125156445556946,0,0.207759699624531,0.303539970567995,5.08147142088,0.318461905070242,0.857741566749894,0.637046574334032,0.00857676297081931,0.0512918052162171,0.00487955663997905,0.41429937535398
5300,0.346757948990893,1.29594575278853,0.783292132310717,0.0115244684851234,0.0650887928346723,0.00449664346224933,0.422617090536712,0.298541800917724,5.11577250378,0.312555195799104,0.910516375338486,0.725605739293289,0.00840479189301668,0.0525681150793326,0.00224832173112465,0.315188395080622
5200,0.713562954066611,1.58532497604153,1.40541889992228,0.0157722051280464,0.073846901948892,0.00693683486738789,0.0230993676522125,0.221878944500004,5.14624760399,0.394274488502406,1.12439187570746,0.918513101139085,0.00957947602649878,0.0636036674397713,0.0057167391648186,0.222858229094462
5100,0.0612400152149106,0.645872955496387,0.223278813236972,0.000760745530620008,0.0437428680106504,0.00418410041841004,0.00114111829593001,0.222986817441281,5.21662133867,0.353998119832246,1.06574940165445,0.675275308676628,0.00829176485300632,0.0603220334916194,0.00556046764289895,0.0121202429740713
5000,0.724024253331228,1.56350173761671,1.38835481545661,0.0129735614521092,0.0722973960078839,0.0120193494557989,0.0698096680575386,0.229421752521631,5.51490249122,0.435504423036272,1.14775649449994,0.950086165231644,0.00901679902286665,0.0609935379364037,0.00810172493710446,0.0354753931767344
4900,0.134503545938803,0.447307243792533,0.817103931232472,0.000857632933104631,0.00611280324527698,0.000857632933104631,0.585472889898639,0.271340323254892,5.37966896516,0.402794360876524,0.985570333734421,0.958539114962083,0.00739862374002374,0.045600734433845,0.00643849119445176,0.327641278978089
4800,0.352684807318342,0.678561483753754,0.398607040800489,0.0102092520062447,0.0242381291482932,0.0043103448275862,0.490364775912282,0.275277332060325,5.48078802083,0.373635467096733,1.03608569158157,0.706836150181635,0.00868297758920803,0.0475544818659447,0.0025839888803454,0.537918832905461
4700,0.0812572740431021,0.607772130468374,1.13893183034759,0.00381533765738268,0.0494861680957719,0.00228920259442961,0.0512771348871834,0.226055927863505,6.0213224197,0.314738831089519,0.921390087861547,0.93574940445929,0.00739812245125125,0.0449540444094613,0.00329977371100789,0.270820955399733
4600,0.282388542265093,0.66608104316691,0.349574921953978,0.0042804698645124,0.0261578496558256,0.00303203041382576,0.616406958602579,0.21210829680677,6.06385072427,0.337052417646123,0.768182765715777,0.676054431083632,0.00548283324066225,0.0370058690272836,0.00266061650412767,0.333842046744881
4500,0.526677172139562,1.08841024930518,0.995749800526378,0.00948547094739363,0.0720655490683413,0.00590832332139993,0.173664374950173,0.201818990919839,5.63421767299,0.359542320539707,0.841938981350576,0.720715898407108,0.00693695414345785,0.0417263158702321,0.00447017686761284,0.395035666776376
4400,0.352715893115335,0.612390496250231,0.835679335998279,0.00348585894466153,0.0255360743249666,0,0.123565382056144,0.196051203829478,5.89558679987,0.314436437920797,0.68342044112283,0.829983972206556,0.00535567039221657,0.0339327622564125,0.00295416166069996,0.148614878503159
4300,0.15236763483613,0.781702495675809,0.566661050834512,0.00347283060403891,0.0742143450816542,0.0169654289372599,0.362415481726082,0.160604044771409,5.36477124794,0.325827390373449,0.739152983103376,0.686916277328286,0.00579153667070562,0.0452830192291421,0.00848271446862994,0.242990431891113
4200,0.339275447199159,1.37309040469817,0.82935993417466,0.0144428411316041,0.120035475556633,0.0191868239201394,0.216647451083128,0.160039681798992,5.38092078204,0.277733789606941,0.854907803260778,0.806862530383457,0.00649713485826552,0.061249243630532,0.0180761264286996,0.289531466404605
4100,0.0912052117263844,0.192182410423453,0.478013029315961,0,0.00570032573289902,0.00162866449511401,0.228827361563518,0.203835778139881,5.41144853644,0.272321497830389,0.785642849919958,0.677428337580853,0.00586124524870174,0.0539516032367199,0.0104077442076267,0.222737406323323
4000,0.761625282185868,1.70210404686909,1.00580960404687,0.0199495136139603,0.165901652424687,0.0194055279420747,0.107477999956397,0.239156690384321,5.78708241525,0.323439057188829,0.958313350536988,0.719960904593,0.00847275254027639,0.0772422370315301,0.0105170962185943,0.168152680759958
3900,0.393367275185344,1.30467049192438,0.833207176411778,0.0107196196223934,0.139641149628355,0.0166209267422887,0.15770518191546,0.234457127991959,6.13402542532,0.36245280733161,0.994356724306855,0.786597435987317,0.00867844398610968,0.0885048371248657,0.0180132273421817,0.132591590935929
3700,0.407639893394494,1.29798070702938,0.888719310886355,0.0107589672099496,0.153731626858655,0.0188808185216567,0.105531370175973,0.268205784895791,5.69406848213,0.378109226222785,1.10862175943671,0.801437280165241,0.00989062869699103,0.109870762547147,0.0177508726319727,0.131618276045717
3600,0.927041953709783,1.76338351601623,0.802633621390006,0.0158282111280368,0.140780327091359,0.0176561223116655,0.142339338482655,0.244045730237264,5.74188040076,0.428154823919062,1.27223526282678,0.882592428183752,0.011949858784324,0.120965092882098,0.0182684704166611,0.123935354329314
3500,0.0774976657329599,0.23155929038282,0.473389355742297,0.000933706816059757,0.00466853408029878,0.00373482726423903,0.202614379084967,0.268661007627017,5.93718566963,0.393752545496265,1.08198007710756,0.749487366107609,0.00969833639839995,0.101737269302709,0.0106954747879522,0.172476858783811
3400,0.285714285714286,0.450255102040817,0.131377551020409,0.00510204081632653,0.0446428571428572,0.00127551020408163,0.0191326530612245,0.423885242610624,5.52886622864,0.410420876856035,1.12499219237712,0.574029959759766,0.0105486765344544,0.108227691204369,0.00250516873416031,0.110873516073096
3300,0.359601255653228,1.15165995268125,0.883194532510903,0.0158297808175522,0.172583111444077,0.0199941180474228,0.270004919836095,0.373931180169862,5.61009780757,0.412961602912794,1.03325151001248,0.572648765165903,0.00986205440171969,0.1093412677076,0.0106348141257522,0.14456878644866
3200,0.72027422524597,1.1931047376003,0.600020524874681,0.0148167992456265,0.165484491266491,0.0238885314007987,0.141521681139756,0.329765822624567,5.9645889664,0.491595229602742,1.01465721762513,0.521995491037072,0.0105449176722585,0.113648491313956,0.0219413247241107,0.205763300487926
3100,0.469977025469285,1.14274553943902,0.70951889082439,0.0249414869249745,0.21446645847776,0.0187456586417848,0.213887649130173,0.318833599060141,6.15490980388,0.455139197513169,0.988784689693405,0.581027874807595,0.012908670958096,0.123770963250474,0.0213170950212917,0.177704665134965
3000,0.184924031363989,0.750689740812889,0.455193738465602,0.0175134189011791,0.17702587253128,0.0257331470371415,0.278937435904367,0.335179458651335,6.45994844133,0.4290837920355,0.820002393826182,0.661981921668894,0.0131895389202864,0.129811887490461,0.0222394028394631,0.24641254251727
2900,0.777495655191215,1.60560867241643,0.695985235953884,0.0285903589991002,0.259855311386103,0.0295910548622951,0.333707382088826,0.408200484635033,6.50814527658,0.47531576226009,1.04901062416512,0.615179597529639,0.0177989809507932,0.172343017041428,0.0276621009497183,0.306322408996597
2800,0.352032019464478,0.838694295664952,0.331327629506059,0.0172740873102892,0.210246058588279,0.0150610231108803,0.0351412063909978,0.411267610286886,6.08352896082,0.403439520479427,1.11375048976914,0.548006373687483,0.0198276553664536,0.199943550615665,0.0223260389865877,0.184424294239912
2700,0.170243948900504,0.791898432012191,0.554711999809509,0.018950686366721,0.213885978593454,0.0173091805269487,0.139305954067601,0.467884126846064,5.88564868779,0.41503280587537,1.0537902363243,0.509304650933763,0.0203478062913151,0.206827361807228,0.0161851018189145,0.0872235802292994
2600,0.120777891504606,0.41171954964176,0.156345957011259,0.0125383828045036,0.164790174002047,0.00870010235414534,0.0148413510747186,0.355833471603235,5.36363017886,0.39441575659916,0.92355937166454,0.434592705570177,0.0199680702177946,0.206711642263154,0.013004641440547,0.0770736525711598
2500,0.715579190736345,1.31791048700912,0.344218834511703,0.0303199996012616,0.24460456235796,0.0275783293238926,0.0540508642397133,0.361800609693341,5.48099330083,0.438912998484549,0.95275352959289,0.346651105209632,0.0208644889971758,0.21173465957652,0.018139215839019,0.034446107657216
2400,0.100029771079961,0.840712559958585,0.522137151082149,0.0667118080140786,0.200820211760687,0.0216628232184811,0.190753039109046,0.386597549500892,5.24592006055,0.361382441713798,0.967757332783839,0.394353485603655,0.0290642205159923,0.215700382781422,0.0246205762711868,0.12240195167438
2300,0.525788606412634,1.21365896534744,0.546282879075311,0.0361801155144053,0.362824749737354,0.0506426057555168,0.0262349936272363,0.552104592022231,5.19140358917,0.368358889331717,0.902432381605674,0.392246205420105,0.0303291799352099,0.232861955839963,0.0361527144869989,0.108494016368141
2200,0.469727128981753,1.64507964160894,0.983744876842,0.0680416783893797,0.407558562639515,0.0554529762827683,0.0847672447295964,0.50703791591382,5.39380472001,0.403959276533937,1.03682993926301,0.59909593537779,0.0387904451150583,0.265747373181836,0.0530477910191425,0.0555011191784164
2100,0.066836086404066,0.430749682337993,0.178653113087675,0.0210927573062262,0.177382465057179,0.0228716645489199,0.00914866581956798,0.462581661600049,4.46294134267,0.315126830435544,0.976638480983972,0.557704505021783,0.0391474569383091,0.259663454259124,0.0391623204158441,0.0469579552745822
2000,0.360186623291085,1.26171269392293,0.633671206996347,0.0391850036575035,0.230658750815735,0.0265842399403055,0.266196668441893,0.443395485549681,5.13279579009,0.31614615591387,1.11830400503083,0.585588019000333,0.0435885604138091,0.270641550394738,0.0247279522446127,0.13767266713073
1900,0.141694459681843,0.781710916072408,0.536076247942951,0.0341991223258366,0.186146461876029,0.0241190345584202,0.229068019747669,0.403104410588389,5.18027865802,0.312577469761537,1.02893740987472,0.583036361217243,0.044235080867905,0.26089853364775,0.0253516372493628,0.247632344094781
1800,0.930973723930943,2.6778796106537,1.76466616140347,0.0854473897192723,0.453470185927282,0.0619977239509593,0.649137220528542,0.407127769178347,5.9976526384,0.413851948814829,1.3351319183239,0.77826668235761,0.0473576778187706,0.303006862675516,0.0430583792546897,0.439102620138106
1700,0.193960957066045,0.924691193424499,1.22218474208824,0.0507755396847197,0.256677851925362,0.038845602258402,0.204538406535933,0.443247422371677,6.11661710458,0.348649669606041,1.28697062300341,1.03914958960775,0.049790248513823,0.285315713040184,0.0504216631046807,0.426837813532238
1600,0.673610580533281,2.15602771030575,1.2784320891983,0.0764785030613401,0.494410325228944,0.0830374566015265,0.87625783222865,0.519767826187926,6.35993502562,0.420347270787707,1.37212863445288,1.20033981015824,0.0511963859591497,0.299791006805088,0.0609415294299643,0.540398119382292
1500,0.191979654874826,1.10005067395086,0.617654183743292,0.0551158050100735,0.543059461774254,0.136052076512204,0.21402131502685,0.501064094238584,5.97305653588,0.378621151845481,1.48367879972169,1.22073429410832,0.0568668939097909,0.360737172924601,0.109544766556865,0.54513957362775
1400,0.891250556836305,1.2964477287178,0.808583651850397,0.064851868627667,0.312110063554545,0.0828882274668421,0.151196993019507,0.442785937968547,4.81009327499,0.431311580327299,1.4894679721875,0.981713666720057,0.0611447047381515,0.374312391714403,0.109470151989523,0.182609154023179
